Model,Accuracy,F1-Macro,F1-Weighted
SensorInception,64.78987644820657,0.39893109509117886,0.6273176381216611
SimpleMLP,52.41973408575949,0.23318306321884738,0.5150897303916617
