Model,Accuracy,F1-Macro,F1-Weighted
SimCLR,58.00307810696421,0.2713859353107978,0.5538333472855065
