Model,Accuracy,F1-Macro,F1-Weighted
SimCLR,81.97868446549683,0.4145676076738556,0.7960307115838475
